,observation
Lane1_AAACGGGCACCAGGCT,RGC
Lane1_AAAGATGAGAGGGCTT,AC
Lane1_AAAGATGAGGGTCGAT,RGC
Lane1_AAAGATGTCACATGCA,RPC
Lane1_AAAGATGTCCAGAGGA,RGC
Lane1_AAAGTAGGTCATACTG,RGC
Lane1_AAATGCCAGCCGGTAA,NB2
Lane1_AAATGCCCACTACAGT,RPC
Lane1_AAATGCCGTTATCCGA,AC
Lane1_AACACGTCACAGACTT,RPC
Lane1_AACCGCGAGCGATTCT,AC
Lane1_AACCGCGGTCAGAGGT,RGC
Lane1_AACGTTGCAGGCAGTA,AC
Lane1_AACTCTTTCCTGTACC,RGC
Lane1_AACTGGTAGGTGCTAG,RPC
Lane1_AACTTTCCACCACCAG,RGC
Lane1_AACTTTCGTCGCCATG,RGC
Lane1_AACTTTCTCACGACTA,AC
Lane1_AAGCCGCCACGGTTTA,RPC
Lane1_AAGGCAGAGTAGGCCA,AC
Lane1_AAGTCTGCATCTATGG,RPC
Lane1_AATCCAGAGCTAACAA,RGC
Lane1_AATCCAGAGGAACTGC,RPC
Lane1_AATCCAGTCGTTACAG,RPC
Lane1_AATCGGTCACATGACT,RPC
Lane1_ACACTGACACGAAACG,RGC
Lane1_ACACTGACAGTATCTG,RPC
Lane1_ACAGCTACATCCGCGA,RGC
Lane1_ACATACGAGAAGGTTT,RPC
Lane1_ACCAGTAAGACCCACC,RGC
Lane1_ACCAGTATCGGAGCAA,NB1
Lane1_ACCCACTAGTGGTCCC,AC
Lane1_ACCGTAATCGGCGCTA,RPC
Lane1_ACCTTTACAGCTTAAC,AC
Lane1_ACGAGCCAGTTGTCGT,RPC
Lane1_ACGAGGAGTGAAATCA,RPC
Lane1_ACGATGTCAGTTCATG,RPC
Lane1_ACGCCAGCACGCTTTC,RPC
Lane1_ACGCCAGTCACAACGT,RPC
Lane1_ACGGGCTCACATAACC,RPC
Lane1_ACGGGTCCACATCCGG,NB2
Lane1_ACGGGTCCACCGAATT,RPC
Lane1_ACGGGTCGTGCGGTAA,NB1
Lane1_ACGGGTCTCGCTAGCG,RGC
Lane1_ACTATCTCACAACGTT,RPC
Lane1_ACTGATGGTACTCTCC,RPC
Lane1_ACTGCTCTCCGAACGC,RGC
Lane1_ACTGTCCTCCACTGGG,AC
Lane1_ACTTACTAGTGTACCT,RPC
Lane1_ACTTGTTAGAACTGTA,AC
Lane1_ACTTGTTGTGCACGAA,RPC
Lane1_ACTTTCAAGACACTAA,RPC
Lane1_ACTTTCACACATTCGA,AC
Lane1_ACTTTCATCGCAGGCT,AC
Lane1_AGAATAGGTGATGTGG,RPC
Lane1_AGACGTTAGCAGGCTA,RGC
Lane1_AGAGTGGCATCGGACC,RGC
Lane1_AGAGTGGTCCCAACGG,RGC
Lane1_AGATCTGAGACGCACA,RGC
Lane1_AGATCTGCACGGACAA,RPC
Lane1_AGATCTGTCAGTACGT,RPC
Lane1_AGATTGCGTCCAAGTT,RPC
Lane1_AGATTGCGTCGCTTTC,RPC
Lane1_AGCAGCCCATCGATTG,AC
Lane1_AGCGGTCTCCAAGCCG,RGC
Lane1_AGCGGTCTCGATGAGG,RGC
Lane1_AGCGTATAGTGAACGC,RPC
Lane1_AGCGTATTCAAACCAC,RGC
Lane1_AGCTCTCGTACGAAAT,RPC
Lane1_AGCTCTCTCCCTGACT,AC
Lane1_AGCTTGACAAGCCCAC,RGC
Lane1_AGGCCACAGACCCACC,RPC
Lane1_AGGGTGAAGAGCTATA,RGC
Lane1_AGGGTGAAGGTGTGGT,RPC
Lane1_AGGGTGATCACAAACC,NB2
Lane1_AGGTCATAGTGGTAGC,AC
Lane1_AGGTCCGAGATGTGTA,RPC
Lane1_AGGTCCGGTCCTAGCG,RPC
Lane1_AGTAGTCCACAGGCCT,RGC
Lane1_AGTCTTTCATTGGCGC,RGC
Lane1_AGTCTTTGTGTTTGTG,AC
Lane1_AGTGAGGAGAGATGAG,RGC
Lane1_AGTGGGATCAGCCTAA,RPC
Lane1_AGTGTCAGTAGGGACT,NB2
Lane1_AGTTGGTGTACCGGCT,RPC
Lane1_ATAACGCCACGTTGGC,RGC
Lane1_ATAACGCGTGCTCTTC,RPC
Lane1_ATAAGAGAGACTTTCG,AC
Lane1_ATAGACCTCAGCTTAG,RGC
Lane1_ATCACGACAAATACAG,RPC
Lane1_ATCACGAGTTGGACCC,RPC
Lane1_ATCACGATCCGCTGTT,RPC
Lane1_ATCATCTTCGTCCGTT,RPC
Lane1_ATCCACCTCGTTGACA,RPC
Lane1_ATCCGAAAGAATCTCC,NB2
Lane1_ATCCGAAAGTCCGTAT,RGC
Lane1_ATCGAGTGTAGGCATG,RGC
Lane1_ATCTGCCCAATGGTCT,RGC
Lane1_ATCTGCCCAGCGTTCG,RPC
Lane1_ATGAGGGCACAGTCGC,RGC
Lane1_ATGAGGGGTGCTAGCC,RPC
Lane1_ATGGGAGAGAGAACAG,RPC
Lane1_ATGGGAGCAATCACAC,RPC
Lane1_ATGGGAGCACTCTGTC,RPC
Lane1_ATGTGTGAGTGAAGTT,RPC
Lane1_ATGTGTGGTTGGTAAA,AC
Lane1_ATGTGTGTCAACACCA,RPC
Lane1_ATTACTCGTCCTAGCG,RPC
Lane1_ATTATCCAGTAGCGGT,RGC
Lane1_ATTATCCGTTCGAATC,RGC
Lane1_ATTGGACGTCTACCTC,RGC
Lane1_ATTGGTGCATTGGCGC,RPC
Lane1_CAACCAAGTCCCTACT,RGC
Lane1_CAACCAATCAAGGTAA,RGC
Lane1_CAACCAATCTTGACGA,RGC
Lane1_CAACCTCAGCTAACAA,RGC
Lane1_CAACCTCAGTTACCCA,RPC
Lane1_CAAGATCGTCGAACAG,RPC
Lane1_CAAGATCTCGGAGGTA,RPC
Lane1_CAAGGCCCAATGGATA,RPC
Lane1_CAAGGCCTCCTTGACC,RPC
Lane1_CAAGTTGAGTCTCAAC,AC
Lane1_CAAGTTGCACGGCGTT,RPC
Lane1_CAAGTTGGTCGCGTGT,RGC
Lane1_CACAAACAGATAGCAT,RGC
Lane1_CACACAACACATCTTT,RPC
Lane1_CACACAAGTCCAGTAT,AC
Lane1_CACACCTAGTGAATTG,RPC
Lane1_CACACCTCAAGCCATT,RPC
Lane1_CACACCTCACCGATAT,AC
Lane1_CACACTCAGATATGGT,RGC
Lane1_CACACTCCACAACGCC,RGC
Lane1_CACAGGCAGCACCGCT,RPC
Lane1_CACAGGCGTACCCAAT,RGC
Lane1_CACAGGCGTTCAGGCC,AC
Lane1_CACATAGGTAAACCTC,RPC
Lane1_CACATAGGTTCAGCGC,RPC
Lane1_CACATTTGTAAGTTCC,AC
Lane1_CACCACTCAATTCCTT,RPC
Lane1_CACCAGGAGGGTGTTG,RPC
Lane1_CACCAGGGTTACGTCA,RGC
Lane1_CACTCCACACATGGGA,RGC
Lane1_CAGAATCCAAAGCAAT,RPC
Lane1_CAGAATCTCTGAAAGA,RPC
Lane1_CAGAGAGAGGTAGCCA,NB1
Lane1_CAGAGAGTCCCTGACT,RPC
Lane1_CAGATCATCTCTGAGA,RPC
Lane1_CAGCGACGTAAGTTCC,AC
Lane1_CAGCGACTCGGGAGTA,RPC
Lane1_CAGCTAATCCGAATGT,AC
Lane1_CAGCTGGAGTGCAAGC,RGC
Lane1_CAGCTGGCAGCCAGAA,NB2
Lane1_CAGCTGGCATTTCACT,RPC
Lane1_CAGTAACCATATGCTG,RPC
Lane1_CAGTAACTCCACTGGG,Cones
Lane1_CAGTAACTCCGCATCT,AC
Lane1_CATATGGCAGCTGTGC,RGC
Lane1_CATATGGCATTGGTAC,NB1
Lane1_CATCAGAAGCCAGTAG,RPC
Lane1_CATCAGAAGTTGAGAT,RPC
Lane1_CATCCACCATACTCTT,NB2
Lane1_CATCCACGTCAAACTC,AC
Lane1_CATCCACTCTACTTAC,RPC
Lane1_CATCCACTCTGGTGTA,RGC
Lane1_CATCGAAAGACATAAC,RPC
Lane1_CATCGAAAGAGTCGGT,RGC
Lane1_CATCGAAGTAAACCTC,RGC
Lane1_CATGACAGTGATGTGG,RGC
Lane1_CATGGCGCATCATCCC,NB2
Lane1_CATGGCGTCCATGAAC,Cones
Lane1_CATTATCCACCATCCT,NB2
Lane1_CATTATCCATAACCTG,RPC
Lane1_CCAATCCGTAGGACAC,RPC
Lane1_CCACCTAAGTCATGCT,NB1
Lane1_CCACGGACAAGCCGTC,RGC
Lane1_CCACTACTCACAACGT,RGC
Lane1_CCAGCGAGTACGCACC,RGC
Lane1_CCATGTCGTAGAGCTG,RGC
Lane1_CCATGTCTCGTTACAG,RGC
Lane1_CCCAATCAGCTCAACT,RPC
Lane1_CCCAGTTAGGCTAGCA,AC
Lane1_CCCATACGTTTGTGTG,AC
Lane1_CCCTCCTGTTGTCGCG,RPC
Lane1_CCGGGATGTGACGGTA,NB1
Lane1_CCGTACTAGAGCTATA,AC
Lane1_CCGTACTCATGTCTCC,NB2
Lane1_CCGTACTTCTCTAAGG,NB1
Lane1_CCGTGGAAGTCCGGTC,RGC
Lane1_CCGTGGACATGCTAGT,AC
Lane1_CCGTGGATCACCGGGT,AC
Lane1_CCGTTCACAGGACCCT,RPC
Lane1_CCGTTCAGTAAGTTCC,RPC
Lane1_CCTAAAGCAAGCGTAG,RPC
Lane1_CCTCAGTGTCTAGCCG,RPC
Lane1_CCTCTGAGTTACCGAT,RGC
Lane1_CCTTACGGTATCGCAT,NB2
Lane1_CCTTCCCGTAAGTTCC,HC
Lane1_CCTTCGAAGCTAACTC,RPC
Lane1_CCTTCGAGTCACACGC,RPC
Lane1_CCTTTCTTCGGCGCAT,RGC
Lane1_CGAACATCATGAACCT,RGC
Lane1_CGAATGTGTCATGCAT,AC
Lane1_CGAATGTTCCAAATGC,RPC
Lane1_CGACTTCCACCATGTA,RPC
Lane1_CGACTTCTCGGAATCT,RGC
Lane1_CGAGAAGAGTAGCCGA,RGC
Lane1_CGAGCACCACACGCTG,NB2
Lane1_CGAGCCATCGGATGTT,RPC
Lane1_CGATCGGCATTCGACA,RPC
Lane1_CGATCGGGTCCGTCAG,RPC
Lane1_CGATCGGGTTATTCTC,RPC
Lane1_CGATCGGTCCCAAGTA,RPC
Lane1_CGATGGCTCACGACTA,RPC
Lane1_CGATTGACAGGGCATA,AC
Lane1_CGATTGAGTGATAAAC,RGC
Lane1_CGCCAAGCAGTGAGTG,RPC
Lane1_CGCGTTTCAAATCCGT,RGC
Lane1_CGCTGGACAAAGTGCG,AC
Lane1_CGGACACGTAAGTAGT,NB1
Lane1_CGGACGTGTCCCTACT,AC
Lane1_CGGACTGGTACCTACA,RGC
Lane1_CGGACTGTCGATGAGG,RPC
Lane1_CGGAGCTGTTACTGAC,RPC
Lane1_CGGAGCTTCTCCTATA,RPC
Lane1_CGGAGTCAGCTAGCCC,RPC
Lane1_CGGAGTCTCCGTCAAA,RPC
Lane1_CGGCTAGAGAGGGCTT,RGC
Lane1_CGGCTAGCAATCCAAC,RGC
Lane1_CGGCTAGCAGCTCGCA,RGC
Lane1_CGGCTAGCATACTCTT,RPC
Lane1_CGGTTAAAGGCCATAG,RPC
Lane1_CGGTTAAAGTATTGGA,AC
Lane1_CGTAGCGTCAACGGGA,RPC
Lane1_CGTCAGGCAGATCGGA,RPC
Lane1_CGTCAGGGTAAAGGAG,RPC
Lane1_CGTCCATCATCACCCT,RGC
Lane1_CGTCTACAGCTACCTA,RPC
Lane1_CGTCTACGTGTTGGGA,RPC
Lane1_CGTGAGCGTTCGCTAA,AC
Lane1_CGTGTCTCATCCGCGA,RPC
Lane1_CGTGTCTTCCAGTATG,RGC
Lane1_CGTTCTGGTGAAGGCT,RPC
Lane1_CTAACTTAGCTGTTCA,RGC
Lane1_CTAACTTCAGGATTGG,RGC
Lane1_CTAATGGAGAGATGAG,RPC
Lane1_CTAATGGAGGATTCGG,NB2
Lane1_CTAATGGCAAGCGAGT,AC
Lane1_CTAATGGGTCTCCCTA,RGC
Lane1_CTACACCCAGGGTACA,RGC
Lane1_CTACACCTCACCTTAT,RGC
Lane1_CTACATTAGACAGGCT,RGC
Lane1_CTACATTCAAGTCATC,AC
Lane1_CTACATTCATCACGAT,NB2
Lane1_CTACCCAAGAGCTTCT,AC
Lane1_CTACCCAGTCTAAAGA,RPC
Lane1_CTACCCATCGAATGGG,RGC
Lane1_CTACGTCAGGATGGAA,RGC
Lane1_CTACGTCTCTCATTCA,RPC
Lane1_CTAGAGTAGAAGGCCT,RGC
Lane1_CTAGCCTTCAGGTAAA,NB1
Lane1_CTAGTGAAGTACCGGA,NB2
Lane1_CTCACACAGCACAGGT,RGC
Lane1_CTCACACGTCCGAGTC,RGC
Lane1_CTCACACTCGCCTGAG,RGC
Lane1_CTCAGAAAGTGTTGAA,RGC
Lane1_CTCCTAGAGCGCCTCA,AC
Lane1_CTCCTAGAGCGTTGCC,AC
Lane1_CTCCTAGAGTCCGGTC,RGC
Lane1_CTCGAAACAATGGTCT,RGC
Lane1_CTCGAAATCAACCATG,RGC
Lane1_CTCGAGGGTATGGTTC,AC
Lane1_CTCGAGGGTTTGCATG,RGC
Lane1_CTCGGAGGTTAAGTAG,RGC
Lane1_CTCGGGAAGGAGTCTG,RPC
Lane1_CTCGGGATCAGCGACC,RGC
Lane1_CTCGTCAAGTACGTTC,RGC
Lane1_CTCGTCATCACGACTA,RPC
Lane1_CTCTAATGTTCTCATT,RPC
Lane1_CTCTGGTCAATGGTCT,RPC
Lane1_CTCTGGTCACCTATCC,AC
Lane1_CTGAAGTAGACTTGAA,RPC
Lane1_CTGAAGTCATGGATGG,RPC
Lane1_CTGATAGCACTTCGAA,RGC
Lane1_CTGATAGGTCATATGC,RPC
Lane1_CTGATCCCACAGGCCT,NB2
Lane1_CTGCCTAGTTACAGAA,RPC
Lane1_CTGCGGACACCAGGCT,RGC
Lane1_CTGCGGACAGACGTAG,AC
Lane1_CTGTGCTAGAGAGCTC,NB1
Lane1_CTGTGCTAGCAATATG,NB2
Lane1_CTGTGCTAGCTAACTC,RPC
Lane1_CTGTTTACATTGGGCC,RGC
Lane1_CTTAACTGTAGTAGTA,RPC
Lane1_CTTACCGGTTGGGACA,RPC
Lane1_CTTAGGAAGCTCCTTC,RPC
Lane1_CTTAGGAGTCTCTCTG,RGC
Lane1_CTTCTCTTCCGTAGTA,RPC
Lane1_CTTTGCGAGTGGCACA,RPC
Lane1_CTTTGCGGTACTTGAC,RGC
Lane1_GAAACTCCAGCTCGCA,RPC
Lane1_GAACATCAGATCTGAA,RGC
Lane1_GAACATCAGGGCATGT,RGC
Lane1_GAACATCAGTTCGCGC,RPC
Lane1_GAACCTATCAGGTTCA,RPC
Lane1_GAACGGATCCCACTTG,AC
Lane1_GAATAAGAGTTTCCTT,RPC
Lane1_GAATGAAAGAATGTTG,RPC
Lane1_GACACGCTCTGCCCTA,RPC
Lane1_GACCAATAGACAATAC,RPC
Lane1_GACCAATGTTATTCTC,AC
Lane1_GACGCGTGTTATTCTC,RGC
Lane1_GACGGCTGTATCAGTC,AC
Lane1_GACGGCTGTTGGTGGA,RPC
Lane1_GACGGCTTCGCTTGTC,AC
Lane1_GACGTGCGTTGAGGTG,AC
Lane1_GACGTGCGTTTGTGTG,RPC
Lane1_GACGTTATCTCATTCA,RPC
Lane1_GACTAACCAATCTACG,Cones
Lane1_GACTGCGAGGGTCTCC,RPC
Lane1_GAGCAGAAGATCACGG,RPC
Lane1_GAGCAGACATTTCAGG,RGC
Lane1_GAGTCCGGTCGTTGTA,RGC
Lane1_GAGTCCGGTCTCTTAT,RGC
Lane1_GAGTCCGTCAGTTTGG,RGC
Lane1_GAGTCCGTCGGTGTCG,AC
Lane1_GATCAGTAGTCGAGTG,RGC
Lane1_GATCAGTCAGCTGTGC,RGC
Lane1_GATCGATGTCGACTAT,RPC
Lane1_GATCGTACACAGGCCT,RPC
Lane1_GATCGTAGTACGCTGC,RPC
Lane1_GATCTAGGTCTCTTAT,RPC
Lane1_GATGAAATCCGTCAAA,AC
Lane1_GATGCTAAGATAGTCA,Cones
Lane1_GATGCTAAGCTGTCTA,Cones
Lane1_GATGCTAGTGGACGAT,RPC
Lane1_GATTCAGAGAGGTTGC,RPC
Lane1_GATTCAGGTCCTAGCG,AC
Lane1_GCAATCACACCTTGTC,RPC
Lane1_GCACATACAATCTACG,RPC
Lane1_GCAGTTATCTTGCATT,RGC
Lane1_GCATACAAGTTTCCTT,RGC
Lane1_GCATGATGTATAATGG,RGC
Lane1_GCATGATGTCGAACAG,RPC
Lane1_GCATGCGGTACTTGAC,RPC
Lane1_GCATGTAAGAATCTCC,RGC
Lane1_GCATGTATCCCTAATT,RPC
Lane1_GCGACCAAGCTACCGC,RPC
Lane1_GCGACCATCTTCGGTC,RGC
Lane1_GCGAGAACACGGCCAT,RPC
Lane1_GCGAGAAGTTGCTCCT,RPC
Lane1_GCGCAACAGAAGGACA,AC
Lane1_GCGCAACCATGGTAGG,RPC
Lane1_GCGCAACTCACAGGCC,AC
Lane1_GCGCAACTCCGTTGCT,AC
Lane1_GCGCAGTGTTCTCATT,NB1
Lane1_GCGCAGTTCTCCTATA,RPC
Lane1_GCGCCAAAGAAACGCC,NB1
Lane1_GCGCCAAAGCCAGAAC,AC
Lane1_GCGCGATTCCTAGAAC,RPC
Lane1_GCGCGATTCTGTCCGT,RGC
Lane1_GCGGGTTTCGAGCCCA,RPC
Lane1_GCTCTGTCAACACCCG,AC
Lane1_GCTCTGTGTGCAGACA,RGC
Lane1_GCTCTGTTCAAAGTAG,RGC
Lane1_GCTCTGTTCTTCGGTC,RPC
Lane1_GCTGCAGAGGCAGTCA,AC
Lane1_GCTGCTTGTCCGTGAC,RGC
Lane1_GCTGCTTTCGGACAAG,NB1
Lane1_GCTGGGTCAGCTTAAC,NB1
Lane1_GCTTCCACACGAAACG,RGC
Lane1_GCTTGAAAGGTGCACA,RGC
Lane1_GCTTGAACAGTTTACG,AC
Lane1_GGAAAGCTCCCACTTG,RPC
Lane1_GGAACTTCACCAACCG,RPC
Lane1_GGAACTTTCCTCCTAG,RGC
Lane1_GGAACTTTCGGAAATA,RPC
Lane1_GGAATAAAGCGCTTAT,RPC
Lane1_GGACAGAAGAAACCGC,RGC
Lane1_GGACAGACACCTTGTC,RPC
Lane1_GGATGTTTCTTGTACT,RPC
Lane1_GGCAATTTCTTGGGTA,RPC
Lane1_GGCGACTTCCAAACTG,RPC
Lane1_GGCTGGTGTGTTGAGG,NB2
Lane1_GGGAATGAGCACCGTC,RGC
Lane1_GGGAATGCAACAACCT,RPC
Lane1_GGGAATGCAGACAAAT,RPC
Lane1_GGGAATGGTTACCGAT,RGC
Lane1_GGGAGATGTCACTGGC,RPC
Lane1_GGGATGAGTATGAATG,RPC
Lane1_GGGCATCCAGATGGCA,RPC
Lane1_GGGCATCCATGGTTGT,RGC
Lane1_GGGCATCGTTCCAACA,RPC
Lane1_GGGTCTGGTCCAGTTA,RGC
Lane1_GGGTCTGGTTCCACGG,RPC
Lane1_GGTATTGAGCGATGAC,RGC
Lane1_GGTATTGCATCCGCGA,RGC
Lane1_GGTATTGTCAGGTTCA,AC
Lane1_GGTGAAGTCGTACCGG,RPC
Lane1_GGTGCGTCATCAGTCA,RPC
Lane1_GGTGCGTTCCTTGGTC,RPC
Lane1_GGTGTTATCTTATCTG,RPC
Lane1_GTAACGTTCCAAGTAC,RGC
Lane1_GTAACTGGTCAAAGCG,RPC
Lane1_GTAACTGGTGATGCCC,RGC
Lane1_GTACGTATCCGTCATC,AC
Lane1_GTACTCCAGCACCGTC,RGC
Lane1_GTACTCCAGCTCTCGG,RPC
Lane1_GTACTTTAGTACGACG,RPC
Lane1_GTAGGCCTCTATCCTA,AC
Lane1_GTATCTTCATGACATC,RPC
Lane1_GTCAAGTAGACCTTTG,RGC
Lane1_GTCACAACAGCCAGAA,RPC
Lane1_GTCACAAGTTTGTTTC,RGC
Lane1_GTCACGGAGCCGATTT,AC
Lane1_GTCACGGTCGAGAACG,RPC
Lane1_GTCATTTGTCTAGTGT,RPC
Lane1_GTCCTCAGTTACCAGT,NB2
Lane1_GTCGGGTAGGCGTACA,RPC
Lane1_GTCGGGTGTCTCCCTA,RPC
Lane1_GTCTTCGGTAAATACG,RGC
Lane1_GTGCAGCTCGGCGCAT,RGC
Lane1_GTGCTTCGTAGGCATG,RPC
Lane1_GTGGGTCAGAGGTTAT,RPC
Lane1_GTGGGTCAGCCCAATT,RGC
Lane1_GTGGGTCAGTTGCAGG,RGC
Lane1_GTGGGTCTCAGTTTGG,AC
Lane1_GTTAAGCGTGATAAGT,RPC
Lane1_GTTAAGCTCCTATTCA,RPC
Lane1_GTTACAGCACTGTTAG,RPC
Lane1_GTTCATTCATGAAGTA,RGC
Lane1_GTTCGGGCACCGCTAG,RGC
Lane1_GTTCGGGTCTATCGCC,RGC
Lane1_GTTCTCGAGGATATAC,RPC
Lane1_GTTCTCGTCTAGAGTC,RGC
Lane1_TAAACCGCAGACAGGT,RGC
Lane1_TAAACCGCAGTCACTA,RPC
Lane1_TAAGAGACAATGGAGC,RPC
Lane1_TAAGCGTGTACTCTCC,RGC
Lane1_TACAGTGGTGAAGGCT,RGC
Lane1_TACCTATAGGGCTTGA,RGC
Lane1_TACCTATTCGGAAACG,NB1
Lane1_TACGGATAGTGGAGAA,AC
Lane1_TACGGATCAGCTCGCA,RPC
Lane1_TACGGGCAGTTGCAGG,RPC
Lane1_TACGGGCCAACACGCC,AC
Lane1_TACGGGCCAGATGGCA,AC
Lane1_TACTCATAGAGTACAT,RGC
Lane1_TACTCATTCGACCAGC,RPC
Lane1_TACTCGCAGTGAACGC,RPC
Lane1_TACTCGCGTGCCTGGT,RPC
Lane1_TACTCGCTCAGGCGAA,RGC
Lane1_TACTTACGTATAGGGC,RGC
Lane1_TACTTGTTCTCTTGAT,RPC
Lane1_TAGACCAAGCAACGGT,RGC
Lane1_TAGACCACAGCCAGAA,RPC
Lane1_TAGCCGGAGACTGGGT,RGC
Lane1_TAGCCGGAGGAGCGAG,RGC
Lane1_TATCTCAAGCGTTCCG,AC
Lane1_TATCTCAAGGTACTCT,AC
Lane1_TATCTCATCAGCAACT,RPC
Lane1_TATCTCATCTCTAGGA,RGC
Lane1_TATTACCAGATCTGCT,RPC
Lane1_TATTACCAGGCTAGAC,RPC
Lane1_TCAACGATCCAGTAGT,NB1
Lane1_TCAATCTAGCGATTCT,NB1
Lane1_TCAATCTCAGTAAGAT,RGC
Lane1_TCACGAATCGCCGTGA,RGC
Lane1_TCAGATGCAAACTGCT,RGC
Lane1_TCAGATGCACATGGGA,NB2
Lane1_TCAGATGGTTCTGTTT,RPC
Lane1_TCAGCTCCATCCCACT,AC
Lane1_TCAGCTCGTGCATCTA,RPC
Lane1_TCAGGTAGTTACGTCA,RPC
Lane1_TCATTACGTGTTAAGA,RGC
Lane1_TCATTACGTTACGCGC,HC
Lane1_TCATTTGCAGTACACT,RPC
Lane1_TCATTTGTCCTGTACC,RGC
Lane1_TCCACACCAGCCTGTG,RGC
Lane1_TCCACACTCACCATAG,RGC
Lane1_TCCACACTCATTGCCC,RPC
Lane1_TCCCGATAGAGCTGCA,NB2
Lane1_TCGAGGCGTAAATGTG,RGC
Lane1_TCGCGAGTCCACGTTC,NB2
Lane1_TCGCGTTCAATCAGAA,RPC
Lane1_TCGCGTTCATGAAGTA,RPC
Lane1_TCGCGTTTCGGATGGA,RPC
Lane1_TCGGTAAGTAGCTAAA,RGC
Lane1_TCGTACCCATCTGGTA,RGC
Lane1_TCGTACCGTACAGTTC,RPC
Lane1_TCGTAGAAGGCCATAG,RGC
Lane1_TCGTAGACATCACCCT,RPC
Lane1_TCGTAGATCTACTCAT,RGC
Lane1_TCTATTGAGACTGGGT,RPC
Lane1_TCTCATAGTACTCTCC,RGC
Lane1_TCTTCGGCAAACTGTC,RPC
Lane1_TCTTCGGCAACAACCT,NB1
Lane1_TCTTCGGTCTGTCAAG,RPC
Lane1_TCTTTCCTCATGCATG,RGC
Lane1_TGAAAGATCAGCCTAA,RGC
Lane1_TGACAACAGATGTCGG,AC
Lane1_TGACAACAGGATGGAA,RPC
Lane1_TGACAACAGTACACCT,NB1
Lane1_TGACAACTCGGCTTGG,NB1
Lane1_TGACAACTCTACCAGA,RPC
Lane1_TGACGGCAGGGTTCCC,NB2
Lane1_TGACTAGCACTACAGT,RPC
Lane1_TGACTAGTCTGTGCAA,RPC
Lane1_TGACTTTAGCCGTCGT,RGC
Lane1_TGAGAGGAGATGTAAC,NB2
Lane1_TGAGCATAGACACTAA,RGC
Lane1_TGAGCATGTGGGTCAA,AC
Lane1_TGAGCATTCTTGACGA,RGC
Lane1_TGAGGGAGTCCAGTGC,RPC
Lane1_TGATTTCAGTACATGA,RGC
Lane1_TGCACCTAGAAGGTGA,RGC
Lane1_TGCACCTTCAGTGCAT,NB2
Lane1_TGCCAAAAGGGTGTGT,RPC
Lane1_TGCCCATCATCAGTCA,RPC
Lane1_TGCCCATTCATAGCAC,RGC
Lane1_TGCGCAGAGTGGTAGC,RGC
Lane1_TGCGGGTCATTTGCTT,RPC
Lane1_TGCGTGGCAGTACACT,RGC
Lane1_TGCTACCAGATAGCAT,NB2
Lane1_TGCTACCTCTGTCTCG,RGC
Lane1_TGCTGCTAGTAGGTGC,RGC
Lane1_TGCTGCTGTAAAGGAG,RGC
Lane1_TGCTGCTGTCGCGAAA,RPC
Lane1_TGCTGCTTCGCTTGTC,RGC
Lane1_TGGCCAGCACGGCGTT,RGC
Lane1_TGGCCAGGTTACGTCA,RPC
Lane1_TGGCGCAAGCTAGTGG,RGC
Lane1_TGGCGCAAGGGTGTGT,AC
Lane1_TGGGAAGCAATGGACG,RPC
Lane1_TGGGAAGCACGTTGGC,RGC
Lane1_TGGGAAGGTCACTTCC,RPC
Lane1_TGGGCGTTCACTATTC,RGC
Lane1_TGGTTAGAGGCTCATT,RGC
Lane1_TGGTTAGAGGGAAACA,AC
Lane1_TGGTTAGCAAGCGAGT,RPC
Lane1_TGGTTAGCAAGTTGTC,RPC
Lane1_TGGTTAGGTTGGTAAA,RGC
Lane1_TGGTTAGTCACCTTAT,RPC
Lane1_TGGTTCCAGCAATCTC,AC
Lane1_TGTCCCAAGACTAAGT,RPC
Lane1_TGTCCCAGTCATCGGC,RGC
Lane1_TGTCCCAGTTCCAACA,RPC
Lane1_TGTCCCAGTTCCACGG,AC
Lane1_TGTCCCATCGTCCAGG,RGC
Lane1_TGTGTTTGTATTCTCT,AC
Lane1_TGTGTTTGTCAAACTC,RPC
Lane1_TGTTCCGTCAGCAACT,RPC
Lane1_TTAACTCAGCGAGAAA,RPC
Lane1_TTAACTCCAGTAAGAT,Cones
Lane1_TTAACTCTCGTCTGAA,AC
Lane1_TTAGGCATCCGAACGC,RPC
Lane1_TTAGTTCAGATGCCTT,RPC
Lane1_TTAGTTCAGTCCTCCT,NB1
Lane1_TTAGTTCAGTGTACCT,RPC
Lane1_TTAGTTCTCCTACAGA,RGC
Lane1_TTCCCAGAGCGTTTAC,Cones
Lane1_TTCGAAGAGTGCCATT,RGC
Lane1_TTCGAAGGTCCGAGTC,RPC
Lane1_TTCGGTCAGGTAAACT,RPC
Lane1_TTCTCAATCACGATGT,RPC
Lane1_TTCTTAGAGAGACGAA,RGC
Lane1_TTCTTAGAGTGGAGAA,RGC
Lane1_TTGAACGGTACCGTAT,RPC
Lane1_TTGAACGTCGCCTGAG,RPC
Lane1_TTGACTTAGGGTGTGT,RGC
Lane1_TTGGAACTCGTCACGG,RGC
Lane1_TTTACTGAGAAGGGTA,RGC
Lane1_TTTACTGAGCCAGTAG,RGC
Lane1_TTTACTGAGCTAACAA,RPC
Lane1_TTTACTGAGGAATTAC,Cones
Lane1_TTTACTGGTTCTGTTT,NB1
Lane1_TTTATGCGTCTGATTG,NB1
Lane1_TTTCCTCAGTGTTGAA,RPC
Lane1_TTTCCTCGTAACGTTC,HC
Lane1_TTTGCGCTCACAAACC,NB2
Lane1_TTTGGTTAGCACACAG,RPC
Lane1_TTTGTCACACTAGTAC,RPC
Lane1_TTTGTCAGTAAGAGGA,AC
